{
  "id": "1610074",
  "name": "魔加",
  "font_family": "mo-icon-font",
  "css_prefix_text": "mo-icon-",
  "description": "mojia.ee",
  "glyphs": [
    {
      "icon_id": "2060627",
      "name": "下载",
      "font_class": "xiazai1",
      "unicode": "e653",
      "unicode_decimal": 58963
    },
    {
      "icon_id": "3427885",
      "name": "排序题",
      "font_class": "icon-",
      "unicode": "e62e",
      "unicode_decimal": 58926
    },
    {
      "icon_id": "5080452",
      "name": "下载",
      "font_class": "xiazai2",
      "unicode": "e600",
      "unicode_decimal": 58880
    },
    {
      "icon_id": "10828722",
      "name": "下载",
      "font_class": "xiazai3",
      "unicode": "e647",
      "unicode_decimal": 58951
    },
    {
      "icon_id": "11628230",
      "name": "下载",
      "font_class": "xiazai4",
      "unicode": "e612",
      "unicode_decimal": 58898
    },
    {
      "icon_id": "14823001",
      "name": "下载",
      "font_class": "xiazai5",
      "unicode": "e6bf",
      "unicode_decimal": 59071
    },
    {
      "icon_id": "18399108",
      "name": "播放",
      "font_class": "bofang",
      "unicode": "e701",
      "unicode_decimal": 59137
    },
    {
      "icon_id": "15628935",
      "name": "下载",
      "font_class": "xiazai-line",
      "unicode": "e698",
      "unicode_decimal": 59032
    },
    {
      "icon_id": "15838455",
      "name": "direction-down",
      "font_class": "rank-fall",
      "unicode": "e66b",
      "unicode_decimal": 58987
    },
    {
      "icon_id": "15838461",
      "name": "direction-up",
      "font_class": "rank-rise",
      "unicode": "e66d",
      "unicode_decimal": 58989
    },
    {
      "icon_id": "15838514",
      "name": "minus",
      "font_class": "rank-fair",
      "unicode": "e67a",
      "unicode_decimal": 59002
    },
    {
      "icon_id": "21380899",
      "name": "direction-up",
      "font_class": "rank-goup",
      "unicode": "ed32",
      "unicode_decimal": 60722
    },
    {
      "icon_id": "10918065",
      "name": "alipay-line",
      "font_class": "alipay-line",
      "unicode": "e75b",
      "unicode_decimal": 59227
    },
    {
      "icon_id": "10918066",
      "name": "alipay-fill",
      "font_class": "alipay-fill",
      "unicode": "e75d",
      "unicode_decimal": 59229
    },
    {
      "icon_id": "10918092",
      "name": "edge-line",
      "font_class": "edge-line",
      "unicode": "e75f",
      "unicode_decimal": 59231
    },
    {
      "icon_id": "10918106",
      "name": "chrome-line",
      "font_class": "chrome-line",
      "unicode": "e761",
      "unicode_decimal": 59233
    },
    {
      "icon_id": "10918109",
      "name": "firefox-line",
      "font_class": "firefox-line",
      "unicode": "e762",
      "unicode_decimal": 59234
    },
    {
      "icon_id": "10918139",
      "name": "opera-line",
      "font_class": "opera-line",
      "unicode": "e76a",
      "unicode_decimal": 59242
    },
    {
      "icon_id": "3725848",
      "name": "tree-QQ群",
      "font_class": "group",
      "unicode": "e646",
      "unicode_decimal": 58950
    },
    {
      "icon_id": "10853176",
      "name": "抖音",
      "font_class": "douyin",
      "unicode": "e63a",
      "unicode_decimal": 58938
    },
    {
      "icon_id": "11372679",
      "name": "礼盒",
      "font_class": "lihe",
      "unicode": "e8d3",
      "unicode_decimal": 59603
    },
    {
      "icon_id": "11372694",
      "name": "设置",
      "font_class": "shezhi",
      "unicode": "e8e2",
      "unicode_decimal": 59618
    },
    {
      "icon_id": "978424",
      "name": "咨询",
      "font_class": "zixun",
      "unicode": "e642",
      "unicode_decimal": 58946
    },
    {
      "icon_id": "9231549",
      "name": "特效",
      "font_class": "texiao",
      "unicode": "e697",
      "unicode_decimal": 59031
    },
    {
      "icon_id": "3288973",
      "name": "播放",
      "font_class": "play",
      "unicode": "e66c",
      "unicode_decimal": 58988
    },
    {
      "icon_id": "7381405",
      "name": "bilibili-s",
      "font_class": "bilibili",
      "unicode": "e6b4",
      "unicode_decimal": 59060
    },
    {
      "icon_id": "429329",
      "name": "迅雷",
      "font_class": "xunlei",
      "unicode": "e601",
      "unicode_decimal": 58881
    },
    {
      "icon_id": "2912768",
      "name": "百度云",
      "font_class": "baidu",
      "unicode": "e60f",
      "unicode_decimal": 58895
    },
    {
      "icon_id": "4459353",
      "name": "腾讯微云",
      "font_class": "weiyun",
      "unicode": "e611",
      "unicode_decimal": 58897
    },
    {
      "icon_id": "8032461",
      "name": "迅雷看看",
      "font_class": "kankan",
      "unicode": "e9b4",
      "unicode_decimal": 59828
    },
    {
      "icon_id": "9572670",
      "name": "下载",
      "font_class": "down",
      "unicode": "e683",
      "unicode_decimal": 59011
    },
    {
      "icon_id": "8686515",
      "name": "排序",
      "font_class": "paixu",
      "unicode": "e64c",
      "unicode_decimal": 58956
    },
    {
      "icon_id": "8736514",
      "name": "弹幕-关闭状态",
      "font_class": "danmu-kai",
      "unicode": "e6a1",
      "unicode_decimal": 59041
    },
    {
      "icon_id": "8736515",
      "name": "弹幕-开启状态",
      "font_class": "danmu-guan",
      "unicode": "e6a2",
      "unicode_decimal": 59042
    },
    {
      "icon_id": "11521401",
      "name": "下一页",
      "font_class": "xiangyou",
      "unicode": "e789",
      "unicode_decimal": 59273
    },
    {
      "icon_id": "11521406",
      "name": "上一页",
      "font_class": "xiangzuo",
      "unicode": "e78a",
      "unicode_decimal": 59274
    },
    {
      "icon_id": "11520201",
      "name": "哭脸",
      "font_class": "kulian",
      "unicode": "e758",
      "unicode_decimal": 59224
    },
    {
      "icon_id": "11520231",
      "name": "普通",
      "font_class": "putong",
      "unicode": "e759",
      "unicode_decimal": 59225
    },
    {
      "icon_id": "11520233",
      "name": "笑脸",
      "font_class": "xiaolian",
      "unicode": "e75a",
      "unicode_decimal": 59226
    },
    {
      "icon_id": "20804127",
      "name": "下一页",
      "font_class": "xiangxia",
      "unicode": "ed30",
      "unicode_decimal": 60720
    },
    {
      "icon_id": "20804129",
      "name": "上一页",
      "font_class": "xiangshang",
      "unicode": "ed31",
      "unicode_decimal": 60721
    },
    {
      "icon_id": "8033678",
      "name": "腾讯视频",
      "font_class": "qq",
      "unicode": "eaa3",
      "unicode_decimal": 60067
    },
    {
      "icon_id": "8032260",
      "name": "乐视网",
      "font_class": "letv",
      "unicode": "e987",
      "unicode_decimal": 59783
    },
    {
      "icon_id": "8032413",
      "name": "搜狐视频",
      "font_class": "sohu",
      "unicode": "e9a4",
      "unicode_decimal": 59812
    },
    {
      "icon_id": "11372777",
      "name": "收藏",
      "font_class": "shoucang-fill",
      "unicode": "e928",
      "unicode_decimal": 59688
    },
    {
      "icon_id": "11372778",
      "name": "数据",
      "font_class": "shuju-fill",
      "unicode": "e929",
      "unicode_decimal": 59689
    },
    {
      "icon_id": "11372779",
      "name": "问答",
      "font_class": "wenda-fill",
      "unicode": "e92a",
      "unicode_decimal": 59690
    },
    {
      "icon_id": "11372780",
      "name": "眼睛",
      "font_class": "yanjing-fill",
      "unicode": "e92b",
      "unicode_decimal": 59691
    },
    {
      "icon_id": "11372781",
      "name": "影城卡",
      "font_class": "yingchengka-fill",
      "unicode": "e92c",
      "unicode_decimal": 59692
    },
    {
      "icon_id": "11372783",
      "name": "影院",
      "font_class": "yingyuan-fill",
      "unicode": "e92e",
      "unicode_decimal": 59694
    },
    {
      "icon_id": "11372784",
      "name": "银行优惠",
      "font_class": "yinhangka-fill",
      "unicode": "e92f",
      "unicode_decimal": 59695
    },
    {
      "icon_id": "11372785",
      "name": "小食",
      "font_class": "xiaoshi-fill",
      "unicode": "e930",
      "unicode_decimal": 59696
    },
    {
      "icon_id": "11372786",
      "name": "演出",
      "font_class": "yanchu-fill",
      "unicode": "e931",
      "unicode_decimal": 59697
    },
    {
      "icon_id": "11372787",
      "name": "增加",
      "font_class": "zengjia-fill",
      "unicode": "e932",
      "unicode_decimal": 59698
    },
    {
      "icon_id": "11372788",
      "name": "电影",
      "font_class": "dianying-fill",
      "unicode": "e933",
      "unicode_decimal": 59699
    },
    {
      "icon_id": "11372789",
      "name": "优惠券",
      "font_class": "youhuiquan-fill",
      "unicode": "e934",
      "unicode_decimal": 59700
    },
    {
      "icon_id": "11372790",
      "name": "热门",
      "font_class": "remen-fill",
      "unicode": "e935",
      "unicode_decimal": 59701
    },
    {
      "icon_id": "11372791",
      "name": "创作",
      "font_class": "chuangzuo-fill",
      "unicode": "e936",
      "unicode_decimal": 59702
    },
    {
      "icon_id": "12906568",
      "name": "上一个",
      "font_class": "xiayige",
      "unicode": "ed2f",
      "unicode_decimal": 60719
    },
    {
      "icon_id": "4993043",
      "name": "上一个",
      "font_class": "shangyige",
      "unicode": "e682",
      "unicode_decimal": 59010
    },
    {
      "icon_id": "8032170",
      "name": "爱奇艺视频",
      "font_class": "qiyi",
      "unicode": "e966",
      "unicode_decimal": 59750
    },
    {
      "icon_id": "8032265",
      "name": "芒果TV",
      "font_class": "mgtv",
      "unicode": "e989",
      "unicode_decimal": 59785
    },
    {
      "icon_id": "8032478",
      "name": "优酷网",
      "font_class": "youku",
      "unicode": "e9ba",
      "unicode_decimal": 59834
    },
    {
      "icon_id": "8032544",
      "name": "PPTV",
      "font_class": "pptv",
      "unicode": "e9d1",
      "unicode_decimal": 59857
    },
    {
      "icon_id": "10918074",
      "name": "chrome-fill",
      "font_class": "chrome-fill",
      "unicode": "e75c",
      "unicode_decimal": 59228
    },
    {
      "icon_id": "10918089",
      "name": "edge-fill",
      "font_class": "edge-fill",
      "unicode": "e75e",
      "unicode_decimal": 59230
    },
    {
      "icon_id": "10918134",
      "name": "firefox-fill",
      "font_class": "firefox-fill",
      "unicode": "e760",
      "unicode_decimal": 59232
    },
    {
      "icon_id": "10918141",
      "name": "opera-fill",
      "font_class": "opera-fill",
      "unicode": "e769",
      "unicode_decimal": 59241
    },
    {
      "icon_id": "10918154",
      "name": "qq-fill",
      "font_class": "qq-fill",
      "unicode": "e76c",
      "unicode_decimal": 59244
    },
    {
      "icon_id": "10918162",
      "name": "qq-line",
      "font_class": "qq-line",
      "unicode": "e76d",
      "unicode_decimal": 59245
    },
    {
      "icon_id": "10918194",
      "name": "wechat-pay-fill",
      "font_class": "wechat-pay-fill",
      "unicode": "e776",
      "unicode_decimal": 59254
    },
    {
      "icon_id": "10918196",
      "name": "wechat-fill",
      "font_class": "wechat-fill",
      "unicode": "e777",
      "unicode_decimal": 59255
    },
    {
      "icon_id": "10918197",
      "name": "weibo-line",
      "font_class": "weibo-line",
      "unicode": "e778",
      "unicode_decimal": 59256
    },
    {
      "icon_id": "10918199",
      "name": "wechat-line",
      "font_class": "wechat-line",
      "unicode": "e779",
      "unicode_decimal": 59257
    },
    {
      "icon_id": "10918201",
      "name": "youtube-fill",
      "font_class": "youtube-fill",
      "unicode": "e77a",
      "unicode_decimal": 59258
    },
    {
      "icon_id": "10918202",
      "name": "weibo-fill",
      "font_class": "weibo-fill",
      "unicode": "e77b",
      "unicode_decimal": 59259
    },
    {
      "icon_id": "10918211",
      "name": "youtube-line",
      "font_class": "youtube-line",
      "unicode": "e77c",
      "unicode_decimal": 59260
    },
    {
      "icon_id": "10918218",
      "name": "wechat-pay-line",
      "font_class": "wechat-pay-line",
      "unicode": "e77d",
      "unicode_decimal": 59261
    },
    {
      "icon_id": "11372639",
      "name": "爱心",
      "font_class": "aixin-line",
      "unicode": "e8ab",
      "unicode_decimal": 59563
    },
    {
      "icon_id": "11372640",
      "name": "编辑",
      "font_class": "bianji",
      "unicode": "e8ac",
      "unicode_decimal": 59564
    },
    {
      "icon_id": "11372641",
      "name": "3D眼镜",
      "font_class": "yanjing",
      "unicode": "e8ad",
      "unicode_decimal": 59565
    },
    {
      "icon_id": "11372642",
      "name": "彩蛋",
      "font_class": "caidan",
      "unicode": "e8ae",
      "unicode_decimal": 59566
    },
    {
      "icon_id": "11372643",
      "name": "安全",
      "font_class": "anquan",
      "unicode": "e8af",
      "unicode_decimal": 59567
    },
    {
      "icon_id": "11372644",
      "name": "帮助",
      "font_class": "bangzhu-line",
      "unicode": "e8b0",
      "unicode_decimal": 59568
    },
    {
      "icon_id": "11372645",
      "name": "不感兴趣",
      "font_class": "buganxingqu",
      "unicode": "e8b1",
      "unicode_decimal": 59569
    },
    {
      "icon_id": "11372647",
      "name": "创作",
      "font_class": "chuangzuo-line",
      "unicode": "e8b3",
      "unicode_decimal": 59571
    },
    {
      "icon_id": "11372648",
      "name": "成功",
      "font_class": "chenggong-line",
      "unicode": "e8b4",
      "unicode_decimal": 59572
    },
    {
      "icon_id": "11372650",
      "name": "电话",
      "font_class": "dianhua-line",
      "unicode": "e8b6",
      "unicode_decimal": 59574
    },
    {
      "icon_id": "11372651",
      "name": "点赞",
      "font_class": "dianzan-line",
      "unicode": "e8b7",
      "unicode_decimal": 59575
    },
    {
      "icon_id": "11372652",
      "name": "定位",
      "font_class": "dingwei-line",
      "unicode": "e8b8",
      "unicode_decimal": 59576
    },
    {
      "icon_id": "11372653",
      "name": "电筒_关",
      "font_class": "diantong-guan",
      "unicode": "e8b9",
      "unicode_decimal": 59577
    },
    {
      "icon_id": "11372654",
      "name": "电影",
      "font_class": "dianying-line",
      "unicode": "e8ba",
      "unicode_decimal": 59578
    },
    {
      "icon_id": "11372655",
      "name": "地图",
      "font_class": "ditu",
      "unicode": "e8bb",
      "unicode_decimal": 59579
    },
    {
      "icon_id": "11372656",
      "name": "电筒_开",
      "font_class": "diantong-kai",
      "unicode": "e8bc",
      "unicode_decimal": 59580
    },
    {
      "icon_id": "11372657",
      "name": "电影票",
      "font_class": "dianyingpiao-line",
      "unicode": "e8bd",
      "unicode_decimal": 59581
    },
    {
      "icon_id": "11372658",
      "name": "订单",
      "font_class": "dingdan",
      "unicode": "e8be",
      "unicode_decimal": 59582
    },
    {
      "icon_id": "11372659",
      "name": "更多",
      "font_class": "gengduo",
      "unicode": "e8bf",
      "unicode_decimal": 59583
    },
    {
      "icon_id": "11372661",
      "name": "发现",
      "font_class": "faxian-line",
      "unicode": "e8c1",
      "unicode_decimal": 59585
    },
    {
      "icon_id": "11372662",
      "name": "儿童票",
      "font_class": "ertongpiao",
      "unicode": "e8c2",
      "unicode_decimal": 59586
    },
    {
      "icon_id": "11372663",
      "name": "公益",
      "font_class": "gongyi",
      "unicode": "e8c3",
      "unicode_decimal": 59587
    },
    {
      "icon_id": "11372664",
      "name": "红包",
      "font_class": "hongbao",
      "unicode": "e8c4",
      "unicode_decimal": 59588
    },
    {
      "icon_id": "11372665",
      "name": "复制",
      "font_class": "fuzhi",
      "unicode": "e8c5",
      "unicode_decimal": 59589
    },
    {
      "icon_id": "11372666",
      "name": "分享",
      "font_class": "fenxiang",
      "unicode": "e8c6",
      "unicode_decimal": 59590
    },
    {
      "icon_id": "11372667",
      "name": "话题符号",
      "font_class": "huatifuhao",
      "unicode": "e8c7",
      "unicode_decimal": 59591
    },
    {
      "icon_id": "11372668",
      "name": "会员",
      "font_class": "huiyuan-line",
      "unicode": "e8c8",
      "unicode_decimal": 59592
    },
    {
      "icon_id": "11372670",
      "name": "机具",
      "font_class": "jiju",
      "unicode": "e8ca",
      "unicode_decimal": 59594
    },
    {
      "icon_id": "11372671",
      "name": "减少",
      "font_class": "jianshao-line",
      "unicode": "e8cb",
      "unicode_decimal": 59595
    },
    {
      "icon_id": "11372672",
      "name": "卡包",
      "font_class": "kabao",
      "unicode": "e8cc",
      "unicode_decimal": 59596
    },
    {
      "icon_id": "11372673",
      "name": "话题",
      "font_class": "huati-line",
      "unicode": "e8cd",
      "unicode_decimal": 59597
    },
    {
      "icon_id": "11372674",
      "name": "关注",
      "font_class": "guanzhu",
      "unicode": "e8ce",
      "unicode_decimal": 59598
    },
    {
      "icon_id": "11372675",
      "name": "买一赠一",
      "font_class": "maiyizengyi",
      "unicode": "e8cf",
      "unicode_decimal": 59599
    },
    {
      "icon_id": "11372676",
      "name": "密码",
      "font_class": "mima",
      "unicode": "e8d0",
      "unicode_decimal": 59600
    },
    {
      "icon_id": "11372677",
      "name": "男",
      "font_class": "nan",
      "unicode": "e8d1",
      "unicode_decimal": 59601
    },
    {
      "icon_id": "11372678",
      "name": "女",
      "font_class": "nv",
      "unicode": "e8d2",
      "unicode_decimal": 59602
    },
    {
      "icon_id": "11372680",
      "name": "排行榜",
      "font_class": "paihangbang",
      "unicode": "e8d4",
      "unicode_decimal": 59604
    },
    {
      "icon_id": "11372681",
      "name": "礼品卡",
      "font_class": "lipinka",
      "unicode": "e8d5",
      "unicode_decimal": 59605
    },
    {
      "icon_id": "11372682",
      "name": "朋友圈",
      "font_class": "pengyouquan",
      "unicode": "e8d6",
      "unicode_decimal": 59606
    },
    {
      "icon_id": "11372683",
      "name": "明星活动",
      "font_class": "mingxinghuodong",
      "unicode": "e8d7",
      "unicode_decimal": 59607
    },
    {
      "icon_id": "11372684",
      "name": "取票",
      "font_class": "qupiao",
      "unicode": "e8d8",
      "unicode_decimal": 59608
    },
    {
      "icon_id": "11372685",
      "name": "扫一扫",
      "font_class": "saoyisao",
      "unicode": "e8d9",
      "unicode_decimal": 59609
    },
    {
      "icon_id": "11372686",
      "name": "日历",
      "font_class": "rili",
      "unicode": "e8da",
      "unicode_decimal": 59610
    },
    {
      "icon_id": "11372687",
      "name": "评论",
      "font_class": "pinglun-line",
      "unicode": "e8db",
      "unicode_decimal": 59611
    },
    {
      "icon_id": "11372688",
      "name": "轻会员",
      "font_class": "qinghuiyuan",
      "unicode": "e8dc",
      "unicode_decimal": 59612
    },
    {
      "icon_id": "11372689",
      "name": "日签",
      "font_class": "riqian",
      "unicode": "e8dd",
      "unicode_decimal": 59613
    },
    {
      "icon_id": "11372690",
      "name": "闪电",
      "font_class": "shandian-line",
      "unicode": "e8de",
      "unicode_decimal": 59614
    },
    {
      "icon_id": "11372691",
      "name": "筛选",
      "font_class": "shaixuan",
      "unicode": "e8df",
      "unicode_decimal": 59615
    },
    {
      "icon_id": "11372692",
      "name": "商圈",
      "font_class": "shangquan",
      "unicode": "e8e0",
      "unicode_decimal": 59616
    },
    {
      "icon_id": "11372693",
      "name": "删除",
      "font_class": "shanchu",
      "unicode": "e8e1",
      "unicode_decimal": 59617
    },
    {
      "icon_id": "11372695",
      "name": "上传",
      "font_class": "xiazai",
      "unicode": "e8e3",
      "unicode_decimal": 59619
    },
    {
      "icon_id": "11372696",
      "name": "社区",
      "font_class": "shequ-line",
      "unicode": "e8e4",
      "unicode_decimal": 59620
    },
    {
      "icon_id": "11372697",
      "name": "声音关闭",
      "font_class": "shengyin-guan",
      "unicode": "e8e5",
      "unicode_decimal": 59621
    },
    {
      "icon_id": "11372698",
      "name": "失败",
      "font_class": "shibai-line",
      "unicode": "e8e6",
      "unicode_decimal": 59622
    },
    {
      "icon_id": "11372699",
      "name": "时间",
      "font_class": "shijian-line",
      "unicode": "e8e7",
      "unicode_decimal": 59623
    },
    {
      "icon_id": "11372700",
      "name": "声音",
      "font_class": "shengyin-line",
      "unicode": "e8e8",
      "unicode_decimal": 59624
    },
    {
      "icon_id": "11372701",
      "name": "收藏",
      "font_class": "shoucang-line",
      "unicode": "e8e9",
      "unicode_decimal": 59625
    },
    {
      "icon_id": "11372702",
      "name": "手机",
      "font_class": "shouji-line",
      "unicode": "e8ea",
      "unicode_decimal": 59626
    },
    {
      "icon_id": "11372703",
      "name": "首页",
      "font_class": "shouye-line",
      "unicode": "e8eb",
      "unicode_decimal": 59627
    },
    {
      "icon_id": "11372704",
      "name": "数据",
      "font_class": "shuju-line",
      "unicode": "e8ec",
      "unicode_decimal": 59628
    },
    {
      "icon_id": "11372705",
      "name": "刷新",
      "font_class": "shuaxin",
      "unicode": "e8ed",
      "unicode_decimal": 59629
    },
    {
      "icon_id": "11372706",
      "name": "搜索",
      "font_class": "sousuo",
      "unicode": "e8ee",
      "unicode_decimal": 59630
    },
    {
      "icon_id": "11372707",
      "name": "叹号",
      "font_class": "tanhao-line",
      "unicode": "e8ef",
      "unicode_decimal": 59631
    },
    {
      "icon_id": "11372708",
      "name": "讨论区",
      "font_class": "taolunqu",
      "unicode": "e8f0",
      "unicode_decimal": 59632
    },
    {
      "icon_id": "11372709",
      "name": "添加优惠券",
      "font_class": "tianjiayouhuiquan",
      "unicode": "e8f1",
      "unicode_decimal": 59633
    },
    {
      "icon_id": "11372710",
      "name": "提示",
      "font_class": "tishi",
      "unicode": "e8f2",
      "unicode_decimal": 59634
    },
    {
      "icon_id": "11372711",
      "name": "图片",
      "font_class": "tupian",
      "unicode": "e8f3",
      "unicode_decimal": 59635
    },
    {
      "icon_id": "11372712",
      "name": "退票",
      "font_class": "tuipiao",
      "unicode": "e8f4",
      "unicode_decimal": 59636
    },
    {
      "icon_id": "11372713",
      "name": "未选中",
      "font_class": "weixuanzhong",
      "unicode": "e8f5",
      "unicode_decimal": 59637
    },
    {
      "icon_id": "11372714",
      "name": "微博",
      "font_class": "weibo",
      "unicode": "e8f6",
      "unicode_decimal": 59638
    },
    {
      "icon_id": "11372715",
      "name": "问卷",
      "font_class": "wenjuan",
      "unicode": "e8f7",
      "unicode_decimal": 59639
    },
    {
      "icon_id": "11372716",
      "name": "我的",
      "font_class": "wode-line",
      "unicode": "e8f8",
      "unicode_decimal": 59640
    },
    {
      "icon_id": "11372717",
      "name": "微信",
      "font_class": "weixin",
      "unicode": "e8f9",
      "unicode_decimal": 59641
    },
    {
      "icon_id": "11372718",
      "name": "我的关注",
      "font_class": "wodeguanzhu",
      "unicode": "e8fa",
      "unicode_decimal": 59642
    },
    {
      "icon_id": "11372720",
      "name": "想看",
      "font_class": "xiangkan-guan",
      "unicode": "e8fc",
      "unicode_decimal": 59644
    },
    {
      "icon_id": "11372722",
      "name": "消息",
      "font_class": "xiaoxi",
      "unicode": "e8fe",
      "unicode_decimal": 59646
    },
    {
      "icon_id": "11372723",
      "name": "下载",
      "font_class": "shangchuan",
      "unicode": "e8ff",
      "unicode_decimal": 59647
    },
    {
      "icon_id": "11372724",
      "name": "小聚场",
      "font_class": "xiaojuchang",
      "unicode": "e900",
      "unicode_decimal": 59648
    },
    {
      "icon_id": "11372725",
      "name": "小食",
      "font_class": "xiaoshi-line",
      "unicode": "e901",
      "unicode_decimal": 59649
    },
    {
      "icon_id": "11372726",
      "name": "消息中心",
      "font_class": "tongzhi",
      "unicode": "e902",
      "unicode_decimal": 59650
    },
    {
      "icon_id": "11372727",
      "name": "银行卡",
      "font_class": "yinhangka-line",
      "unicode": "e903",
      "unicode_decimal": 59651
    },
    {
      "icon_id": "11372728",
      "name": "眼睛",
      "font_class": "yanjing-line",
      "unicode": "e904",
      "unicode_decimal": 59652
    },
    {
      "icon_id": "11372729",
      "name": "影城卡",
      "font_class": "yingchengka-line",
      "unicode": "e905",
      "unicode_decimal": 59653
    },
    {
      "icon_id": "11372730",
      "name": "已想看",
      "font_class": "xiangkan-kai",
      "unicode": "e906",
      "unicode_decimal": 59654
    },
    {
      "icon_id": "11372731",
      "name": "影评模板",
      "font_class": "yingpingmoban",
      "unicode": "e907",
      "unicode_decimal": 59655
    },
    {
      "icon_id": "11372732",
      "name": "演出",
      "font_class": "yanchu-line",
      "unicode": "e908",
      "unicode_decimal": 59656
    },
    {
      "icon_id": "11372734",
      "name": "影院",
      "font_class": "yingyuan-line",
      "unicode": "e90a",
      "unicode_decimal": 59658
    },
    {
      "icon_id": "11372735",
      "name": "增加",
      "font_class": "zengjia-line",
      "unicode": "e90b",
      "unicode_decimal": 59659
    },
    {
      "icon_id": "11372737",
      "name": "优惠券",
      "font_class": "youhuiquan-line",
      "unicode": "e90d",
      "unicode_decimal": 59661
    },
    {
      "icon_id": "11372739",
      "name": "直播",
      "font_class": "zhibo",
      "unicode": "e90f",
      "unicode_decimal": 59663
    },
    {
      "icon_id": "11372741",
      "name": "娱乐宝",
      "font_class": "yulebao",
      "unicode": "e911",
      "unicode_decimal": 59665
    },
    {
      "icon_id": "11372756",
      "name": "爱心",
      "font_class": "aixin-fill",
      "unicode": "e913",
      "unicode_decimal": 59667
    },
    {
      "icon_id": "11372757",
      "name": "成功",
      "font_class": "chenggong-fill",
      "unicode": "e914",
      "unicode_decimal": 59668
    },
    {
      "icon_id": "11372758",
      "name": "点赞",
      "font_class": "dianzan-fill",
      "unicode": "e915",
      "unicode_decimal": 59669
    },
    {
      "icon_id": "11372759",
      "name": "电话",
      "font_class": "dianhua-fill",
      "unicode": "e916",
      "unicode_decimal": 59670
    },
    {
      "icon_id": "11372760",
      "name": "帮助",
      "font_class": "bangzhu-fill",
      "unicode": "e917",
      "unicode_decimal": 59671
    },
    {
      "icon_id": "11372761",
      "name": "电影票",
      "font_class": "dianyingpiao-fill",
      "unicode": "e918",
      "unicode_decimal": 59672
    },
    {
      "icon_id": "11372762",
      "name": "发现",
      "font_class": "faxian-fill",
      "unicode": "e919",
      "unicode_decimal": 59673
    },
    {
      "icon_id": "11372763",
      "name": "定位",
      "font_class": "dingwei-fill",
      "unicode": "e91a",
      "unicode_decimal": 59674
    },
    {
      "icon_id": "11372764",
      "name": "公告",
      "font_class": "gonggao-fill",
      "unicode": "e91b",
      "unicode_decimal": 59675
    },
    {
      "icon_id": "11372765",
      "name": "话题",
      "font_class": "huati-fill",
      "unicode": "e91c",
      "unicode_decimal": 59676
    },
    {
      "icon_id": "11372766",
      "name": "减少",
      "font_class": "jianshao-fill",
      "unicode": "e91d",
      "unicode_decimal": 59677
    },
    {
      "icon_id": "11372767",
      "name": "会员",
      "font_class": "huiyuan-fill",
      "unicode": "e91e",
      "unicode_decimal": 59678
    },
    {
      "icon_id": "11372768",
      "name": "评论",
      "font_class": "pinglun-fill",
      "unicode": "e91f",
      "unicode_decimal": 59679
    },
    {
      "icon_id": "11372769",
      "name": "社区",
      "font_class": "shequ-fill",
      "unicode": "e920",
      "unicode_decimal": 59680
    },
    {
      "icon_id": "11372770",
      "name": "失败",
      "font_class": "shibai-fill",
      "unicode": "e921",
      "unicode_decimal": 59681
    },
    {
      "icon_id": "11372771",
      "name": "时间",
      "font_class": "shijian-fill",
      "unicode": "e922",
      "unicode_decimal": 59682
    },
    {
      "icon_id": "11372772",
      "name": "闪电",
      "font_class": "shandian-fill",
      "unicode": "e923",
      "unicode_decimal": 59683
    },
    {
      "icon_id": "11372773",
      "name": "我的",
      "font_class": "wode-fill",
      "unicode": "e924",
      "unicode_decimal": 59684
    },
    {
      "icon_id": "11372774",
      "name": "首页",
      "font_class": "shouye-fill",
      "unicode": "e925",
      "unicode_decimal": 59685
    },
    {
      "icon_id": "11372775",
      "name": "手机",
      "font_class": "shouji-fill",
      "unicode": "e926",
      "unicode_decimal": 59686
    },
    {
      "icon_id": "11372776",
      "name": "叹号",
      "font_class": "tanhao-fill",
      "unicode": "e927",
      "unicode_decimal": 59687
    }
  ]
}
